matchID,map,p_model,mc_mean,mc_se
2368924,Ancient,0.8139110676225999,0.8162,0.3873597417309945
2368925,Vertigo,0.7690071519577242,0.7718,0.4197141789341881
2368916,Anubis,0.4879804006007096,0.4962,0.5000355658484931
2368916,Overpass,0.4631318765891778,0.4692,0.49910037090353604
2368916,Mirage,0.691896452072004,0.6982,0.45908486337752025
2368918,Mirage,0.6411041251929283,0.648,0.47764173637326246
2368918,Nuke,0.6892297453584971,0.6958,0.46011379129535773
2368918,Ancient,0.5254952556049587,0.5374,0.4986491453858502
2368920,Nuke,0.598013614620118,0.608,0.48824550866889405
2368915,Anubis,0.6945995589713716,0.7004,0.4581286024286987
2368915,Ancient,0.5361378022133785,0.547,0.4978358847186719
2368909,Ancient,0.5714707479417745,0.5818,0.4933127116609679
2368914,Nuke,0.5931577292958083,0.602,0.48953440000244836
2368907,Mirage,0.6816440021570432,0.6884,0.46319364165533833
2368892,Vertigo,0.7143763585428444,0.7184,0.4498243083490224
2368895,Nuke,0.4315560155837046,0.4356,0.4958848862025065
2368904,Ancient,0.7842427323914869,0.7876,0.4090473125945068
2368893,Ancient,0.3759575437099531,0.3814,0.4857789993888677
2368906,Anubis,0.27522110442825803,0.2834,0.4506939815584435
2368896,Inferno,0.7646994751486246,0.7682,0.4220241472666881
2368891,Ancient,0.5624846744282078,0.5722,0.4948091826405863
2368819,Anubis,0.2600609440190083,0.2672,0.4425418948141895
2368890,Default,0.6609417929924424,0.6696,0.4704041836752771
2368817,Ancient,0.6295507506512473,0.6368,0.4809698809751823
2368818,Overpass,0.31017521729475483,0.318,0.465746050843993
2368815,Anubis,0.4886191416358813,0.4964,0.500037046037073
2368815,Ancient,0.5280915855151616,0.539,0.498526534640984
2368888,Overpass,0.5946597783926355,0.6042,0.48907074952363283
2368889,Anubis,0.640492074296124,0.6476,0.47776551987182553
2368850,Nuke,0.6167836409008588,0.6256,0.4840160062424173
2368803,Ancient,0.7093695158335174,0.7132,0.45231258807982244
2368849,Inferno,0.7060609090982009,0.7106,0.453529246857963
2368848,Ancient,0.6964862173726857,0.702,0.4574252371366428
2368847,Ancient,0.5964403118461222,0.6068,0.4885094556890988
2368847,Nuke,0.640258908063335,0.6472,0.47788893643514424
2368847,Vertigo,0.3646768391309672,0.3712,0.48317414195121206
2368845,Nuke,0.8040715167248137,0.8076,0.3942249645374236
2368845,Ancient,0.6868762641788729,0.6946,0.46062270314752285
2368845,Mirage,0.6027756634559381,0.6124,0.4872511906035211
2368798,Nuke,0.6468234703507078,0.6522,0.4763197834514345
2368798,Anubis,0.6418672300683381,0.6486,0.4774553724973103
2368846,Mirage,0.7174790973221835,0.7212,0.4484537681371752
2368846,Ancient,0.758427667473899,0.7618,0.4260247169025318
2368844,Overpass,0.45055462560009335,0.457,0.49819739072783753
2368844,Ancient,0.5524900909305772,0.5612,0.4962900570877406
2368797,Nuke,0.7651619936232181,0.7696,0.42113098943446614
2368801,Anubis,0.7343158662099857,0.7368,0.4404140698372182
2368801,Overpass,0.6634848131003064,0.6718,0.4696050103791
2368801,Mirage,0.7470341233354109,0.7482,0.4340903671925673
2368794,Inferno,0.6867253499872585,0.6942,0.4607915209345253
2368790,Nuke,0.8009222061739065,0.8048,0.3963942301259384
2368792,Overpass,0.7055144323657693,0.7104,0.45362208345595323
2368843,Vertigo,0.5991355363615646,0.6088,0.4880678252460493
2368837,Overpass,0.5826274359998708,0.5906,0.491772313171045
2368841,Inferno,0.7199457441183725,0.7234,0.4473616730267566
2368860,Ancient,0.34851228724891187,0.3602,0.4801063011584855
2368842,Nuke,0.5347888347778609,0.5464,0.497892176403551
2368840,Ancient,0.575079717982935,0.5854,0.49270213220384546
2368836,Ancient,0.5289802789829899,0.5398,0.49846329165809805
2368858,Ancient,0.3465527294263403,0.3588,0.47969634323845256
2368858,Anubis,0.4981063169410687,0.5074,0.49999523902514265
2368858,Overpass,0.691440745959782,0.6974,0.45942948870421696
2368831,Overpass,0.41648739696561166,0.4206,0.4937047588162135
2368824,Anubis,0.4837509331052876,0.4936,0.5000090417266089
2368830,Overpass,0.642108337055845,0.6486,0.4774553724973103
2368835,Overpass,0.6905335083830728,0.697,0.4596011821670282
2368833,Anubis,0.7896454729574158,0.7916,0.4062049242538766
2368856,Anubis,0.6948503208080234,0.7008,0.45795338655899487
2368827,Vertigo,0.578611462263043,0.5868,0.49245737160953384
2368821,Ancient,0.6220053773823744,0.6322,0.4822547811424859
2368853,Default,0.6256034858585048,0.634,0.48175763417263734
2368919,Overpass,0.5380950680886486,0.5494,0.49760341822817744
2368826,Anubis,0.4530551585327157,0.4598,0.49843118555056914
2368855,Overpass,0.4921960219546287,0.5002,0.5000499674972481
2368855,Ancient,0.5271520765429795,0.538,0.4986037716907373
2368855,Vertigo,0.5178469191548577,0.5278,0.49927649193916646
2368851,Ancient,0.5346049552635402,0.5462,0.49791077818079593
2368851,Nuke,0.5434322938205662,0.5534,0.4971899833825246
2368786,Inferno,0.6370387797123225,0.6436,0.47898321994094634
2368786,Vertigo,0.37136542679876855,0.3778,0.48488574204297585
2368785,Ancient,0.5209801610243598,0.5326,0.49898600923020026
2368785,Mirage,0.5653573561076907,0.5762,0.4942088713101944
2368784,Nuke,0.32607741846990396,0.3368,0.47266313806813587
2368784,Mirage,0.3271512883067696,0.3378,0.4730073014039385
2368783,Ancient,0.4079794035673368,0.4112,0.492100591950995
2368783,Inferno,0.31379646398312744,0.3208,0.4668307468336227
2368782,Inferno,0.7667829291146391,0.7704,0.4206176694395624
2368782,Vertigo,0.456003088013467,0.4628,0.49866410857273025
2368782,Ancient,0.6278122311429931,0.6364,0.48108349406901624
2368778,Ancient,0.6135246536594898,0.622,0.4849361118812676
2368778,Anubis,0.36704394279301794,0.374,0.48391201076934776
2368781,Ancient,0.5265031821708569,0.5378,0.4986189769521768
2368781,Inferno,0.4382421400710736,0.4428,0.496767063625499
2368777,Anubis,0.6107633308960981,0.6194,0.48558294673477975
2368777,Inferno,0.7896461675568798,0.7916,0.4062049242538766
2368776,Ancient,0.39154750429806856,0.3946,0.4888134897131472
2368776,Anubis,0.6256801288394032,0.634,0.48175763417263734
2368776,Mirage,0.5121868637088364,0.523,0.49952067442783205
2368780,Overpass,0.4418786805124151,0.4472,0.49725407220299805
2368780,Ancient,0.6079202822361716,0.6162,0.48635878626153634
2368780,Vertigo,0.4726843741966104,0.4802,0.49965777445999543
2368779,Inferno,0.7497830154798969,0.7518,0.4320116743993887
2368779,Ancient,0.6349735890557895,0.6424,0.47934141656936735
2368779,Vertigo,0.5912734243607346,0.6006,0.4898240760978425
2368775,Anubis,0.5768304764685871,0.5862,0.4925627712451717
2368775,Mirage,0.4299329087146605,0.433,0.4955402224062184
2368774,Ancient,0.5443499961084683,0.5538,0.49714685053633767
2368774,Overpass,0.7365694519134011,0.7382,0.43965829900500775
2368774,Anubis,0.5689849544946061,0.58,0.4936078704254514
2368738,Ancient,0.5382669272586383,0.5494,0.49760341822817744
2368738,Nuke,0.7188351125359566,0.7228,0.44766085382576126
2368738,Inferno,0.5724864925219567,0.5836,0.49301080305647066
2368737,Inferno,0.4686982063363657,0.4758,0.4994639655176038
2368737,Ancient,0.7505309180719206,0.7522,0.4317782376281809
2368752,Overpass,0.3893090319475509,0.3924,0.48833383457098006
2368752,Mirage,0.38006063052100625,0.386,0.4868792563686159
2368751,Overpass,0.23879175594662655,0.2448,0.43001156029622933
2368751,Ancient,0.4455765746133073,0.4508,0.4976232367737216
2368736,Anubis,0.5029831452375432,0.5118,0.4999107341800431
2368736,Inferno,0.4137510148336123,0.4172,0.4931458187592306
2368736,Vertigo,0.5014446844199855,0.5108,0.49993334222607505
2368750,Nuke,0.3734542848516921,0.3794,0.4852862459910745
2368750,Mirage,0.3746193974396179,0.381,0.48568114770438336
2368749,Mirage,0.5369935908721711,0.5482,0.4977211119302176
2368749,Ancient,0.47853225789614184,0.4874,0.499891206407603
2368733,Ancient,0.5142382599902284,0.5244,0.4994542330446116
2368733,Nuke,0.3949043346537962,0.3996,0.48986511772804703
2368722,Ancient,0.6165769218546767,0.6252,0.4841196488130527
2368722,Nuke,0.48191714627134863,0.4916,0.4999794354642773
2368748,Mirage,0.5608449194037376,0.5708,0.49501148196123157
2368748,Vertigo,0.5329683941023992,0.5444,0.4980745482868305
2368748,Nuke,0.4252053134499686,0.4296,0.4950685392667508
2368721,Vertigo,0.5030832355473992,0.5122,0.4999011304528583
2368721,Nuke,0.5125301453471532,0.5234,0.4995020925562711
2368720,Overpass,0.5101140413906889,0.5204,0.4996336325282263
2368720,Ancient,0.5324173860212654,0.544,0.4981100508166292
2368720,Anubis,0.6723815175630731,0.6792,0.46683074683362263
2368747,Ancient,0.5839769725082108,0.5912,0.4916613734891488
2368747,Anubis,0.42519739864656086,0.4296,0.4950685392667508
2368747,Vertigo,0.5071499664946975,0.5172,0.4997540503309247
2368732,Anubis,0.4389575204522352,0.444,0.49690379619855524
2368732,Ancient,0.25835840230960483,0.2658,0.44180244213853764
2368719,Mirage,0.73997080173743,0.7412,0.43801932855347525
2368719,Ancient,0.3654777345978101,0.3722,0.4834396578483773
2368746,Mirage,0.5518703980858186,0.56,0.4964365919812636
2368746,Overpass,0.5000550763475351,0.509,0.4999689928373156
2368746,Nuke,0.5664106098979175,0.5768,0.49411596828884574
2368717,Ancient,0.6663361386918055,0.6742,0.46871985200109884
2368717,Nuke,0.504798439410379,0.5146,0.4998367807209393
2368709,Vertigo,0.5409184236091985,0.5516,0.4973800532625697
2368709,Mirage,0.7282656243066606,0.731,0.44348431276329653
2368709,Overpass,0.7492850211365264,0.7506,0.4327090100951025
2368715,Nuke,0.34799699797665,0.3596,0.47993114795911745
2368745,Nuke,0.5405615201986437,0.5512,0.4974213964126612
2368745,Anubis,0.4144860508637145,0.4188,0.4934118472941343
2368745,Ancient,0.38584848543328687,0.39,0.48779871824134957
2368731,Anubis,0.45452820589876963,0.4614,0.49855767163929
2368731,Inferno,0.4624648935374064,0.4682,0.4990376415798138
2368712,Vertigo,0.43449441349612294,0.4386,0.4962653482353688
2368712,Anubis,0.5869157884877547,0.5946,0.4910183905028022
2368712,Inferno,0.5934144788651162,0.6022,0.4894926767747637
2368708,Ancient,0.7032112622215652,0.707,0.45518396114944293
2368708,Nuke,0.5108412118247212,0.5212,0.4996003203521983
2368711,Inferno,0.7024609314093851,0.7068,0.45527487855471294
2368743,Overpass,0.5666404537523787,0.577,0.49408483478527554
2368743,Mirage,0.5941785268409813,0.6034,0.4892405453989402
2368692,Overpass,0.4906410811469447,0.4984,0.5000474472386576
2368692,Mirage,0.7247277863289668,0.728,0.4450343931902617
2368692,Anubis,0.3537164462781534,0.3636,0.48108349406901624
2368691,Nuke,0.3570951980346034,0.3664,0.48186873679032044
2368691,Mirage,0.5771860784249958,0.5864,0.4925277217693866
2368691,Anubis,0.3741099292910885,0.3804,0.4855337152018586
2368606,Ancient,0.5606675248523365,0.5706,0.49504005184488464
2368606,Inferno,0.6849455612415322,0.692,0.46171271991049306
2368726,Nuke,0.4790001459417425,0.4876,0.4998962084711673
2368726,Ancient,0.8046902432124017,0.8088,0.39328551295329933
2368760,Ancient,0.6184729817965333,0.6272,0.4835979046549699
2368760,Vertigo,0.7718568998834255,0.7742,0.4181498892334819
2368760,Mirage,0.7075699188094463,0.7116,0.45306345394288833
2368604,Mirage,0.5200486216873721,0.5308,0.49910037090353604
2368604,Anubis,0.4546361560581484,0.4614,0.49855767163929
2368604,Ancient,0.5529183948130176,0.5616,0.4962405575305062
2368681,Anubis,0.4253412088823329,0.4296,0.4950685392667508
2368681,Ancient,0.6223498894348511,0.6322,0.4822547811424859
2368757,Anubis,0.4859150997828096,0.4944,0.5000186433811702
2368757,Ancient,0.5306618122548927,0.5414,0.49833292801241647
2368757,Mirage,0.45252974264033335,0.4594,0.49839875628261027
2368605,Overpass,0.6485884115087728,0.6546,0.47554607433324775
2368605,Inferno,0.5532971188818461,0.5624,0.4961405759401451
2368527,Inferno,0.36009208875141496,0.3682,0.48236427630890305
2368527,Nuke,0.6804714473801902,0.6872,0.4636800187974099
2368707,Ancient,0.381112130471712,0.3868,0.4870659161153943
2368707,Mirage,0.6099572986907758,0.6176,0.4860221018602954
2368707,Vertigo,0.4808232476246965,0.49,0.4999499874967491
2368753,Anubis,0.8052169204537947,0.809,0.3931283632377552
2368753,Mirage,0.7480340634262275,0.7494,0.43340190059745737
2368753,Vertigo,0.6973077204472515,0.7026,0.4571597521740092
2368764,Mirage,0.5330764003866704,0.5446,0.4980566755806191
2368764,Ancient,0.5594881516825072,0.5696,0.49518166462036456
2368764,Overpass,0.48741143495518086,0.4962,0.5000355658484931
2368742,Nuke,0.723839719605503,0.7272,0.4454434239819842
2368742,Mirage,0.5122029667747352,0.523,0.49952067442783205
2368706,Nuke,0.5162628090084497,0.5268,0.4993311790037401
2368706,Vertigo,0.6493293100715137,0.656,0.47508856208960204
2368938,Inferno,0.6703447799593674,0.6774,0.4675178655312737
2368763,Overpass,0.4877361099110644,0.4962,0.5000355658484931
2368763,Mirage,0.32931236851868534,0.3406,0.47395840251383103
2368763,Ancient,0.2890413611592288,0.2988,0.45777775404055937
2368686,Ancient,0.5979413437676744,0.608,0.48824550866889405
2368686,Anubis,0.7372325861434078,0.7388,0.4393326332433393
2368767,Mirage,0.6997352613030523,0.7048,0.45617823240038885
2368768,Mirage,0.7777551295489311,0.7808,0.4137458122077175
2368703,Overpass,0.5343653118359895,0.5458,0.49794773861327857
2368703,Inferno,0.5697514279142437,0.5804,0.4935428622838975
2368703,Mirage,0.5345519871272268,0.546,0.4979292989143574
2368602,Ancient,0.6250545346259907,0.6338,0.4818132302020769
2368602,Anubis,0.5003467357111686,0.5094,0.4999616308542739
2368676,Inferno,0.4780337660333773,0.4868,0.4998757197014368
2368676,Ancient,0.6215727573659664,0.6312,0.48252785062141756
2368676,Anubis,0.48370555549174205,0.4936,0.5000090417266089
2368603,Inferno,0.3789864230453932,0.3848,0.4865966658980029
2368603,Overpass,0.4046239053152568,0.409,0.4916984375312719
2368728,Vertigo,0.48546236508209833,0.4944,0.5000186433811702
2368728,Anubis,0.6867469025972075,0.6942,0.4607915209345253
2368443,Anubis,0.5237570354638185,0.5358,0.49876659232823983
2368443,Vertigo,0.5739171321364125,0.5842,0.4929086647547983
2368600,Inferno,0.6775895942024907,0.6834,0.46519643328846455
2368600,Anubis,0.5374467638926664,0.549,0.49764297413501296
2368526,Anubis,0.6091854307042438,0.6174,0.4860704608372943
2368526,Inferno,0.7461212447621367,0.7472,0.43466072515146553
2368740,Vertigo,0.3712727492544984,0.3776,0.4848352844529884
2368740,Ancient,0.7179359943176243,0.7218,0.44815725921354566
2368740,Mirage,0.28599310727336025,0.2948,0.45599840669610003
2368694,Mirage,0.5098204708746843,0.5202,0.4996417600418079
2368694,Vertigo,0.5166663070352137,0.5272,0.4993095452766759
2368525,Mirage,0.460996232555903,0.467,0.498959709955054
2368525,Overpass,0.514587691438784,0.5248,0.4994345272099175
2368739,Mirage,0.5422212926373333,0.5522,0.49731742873640067
2368739,Anubis,0.49425897506899846,0.5026,0.500043246779446
2368739,Ancient,0.726336664056831,0.7298,0.44410742650991125
2368677,Mirage,0.4215497498984363,0.4264,0.494602837025101
2368677,Ancient,0.5288702756660741,0.5396,0.4984792235462391
2368677,Nuke,0.656868232632289,0.6656,0.4718274729526106
2368682,Vertigo,0.4639798270174957,0.4704,0.49917299079071475
2368682,Ancient,0.4481668547295315,0.454,0.49792929891435744
2368682,Anubis,0.46805578180661767,0.4748,0.49941450015852934
2368601,Vertigo,0.5172003583170312,0.5274,0.4992986078690427
2368601,Nuke,0.4699638359044272,0.4772,0.499529844967448
2368601,Overpass,0.44160364136552405,0.4472,0.49725407220299805
2368701,Vertigo,0.5402805704851916,0.551,0.49744194605796926
2368701,Inferno,0.5498323694740035,0.5588,0.4965801832289274
2368701,Ancient,0.6194299232934853,0.6282,0.48333371731802377
2368598,Anubis,0.5145798605822886,0.5246,0.4994444202769605
2368724,Anubis,0.4964767324505412,0.5048,0.5000269646659854
2368724,Overpass,0.48580359014991426,0.4944,0.5000186433811702
2368724,Vertigo,0.3880780851690499,0.392,0.4882455086688941
2368599,Mirage,0.6117656541912397,0.6206,0.4852862459910744
2368594,Ancient,0.4118137246375041,0.4154,0.4928401549018269
2368674,Nuke,0.3482639631393124,0.36,0.4800480072012002
2368674,Ancient,0.5018942054143974,0.511,0.49992898075342607
2368674,Inferno,0.4234203641019793,0.4276,0.49477995254485413
2368595,Mirage,0.7139880290771552,0.7184,0.4498243083490224
2368597,Ancient,0.5982092090775618,0.6082,0.4882012168006314
2368596,Ancient,0.5953110740457839,0.6054,0.48881348971314725
2368524,Anubis,0.5688064297182622,0.5798,0.4936402497155472
2368524,Inferno,0.4442365356492147,0.4494,0.4974828015394758
2368524,Nuke,0.7714182050661887,0.774,0.41828099621947884
2368523,Mirage,0.3581399685479135,0.3672,0.48208986934847087
2368523,Ancient,0.6120179483110268,0.6208,0.48523648965239413
2368522,Inferno,0.4141718666719763,0.4182,0.4933127116609679
2368522,Nuke,0.7401967262917672,0.7414,0.437909114861264
2368522,Anubis,0.6877173444438776,0.695,0.460453475913361
2368521,Nuke,0.6112960677286298,0.6202,0.48538549609147075
2368521,Mirage,0.3538190749753535,0.3636,0.48108349406901624
2368520,Anubis,0.4791196560624627,0.4876,0.4998962084711673
2368520,Inferno,0.4903595197317502,0.4982,0.5000467671667029
2368519,Anubis,0.3663195950674474,0.3726,0.48354524421261774
2368519,Ancient,0.5972254026814613,0.6074,0.4883778686514344
2368519,Nuke,0.47095415761194814,0.4778,0.49955687505456553
2368671,Mirage,0.713646474869925,0.7182,0.4499213774085088
2368671,Vertigo,0.7700129177441383,0.7724,0.41932494163993667
2368580,Vertigo,0.3418324752341298,0.3528,0.47788893643514424
2368580,Nuke,0.5943127239405882,0.6038,0.48915581840854816
2368646,Overpass,0.43545505795337397,0.4398,0.49641237398861227
2368646,Vertigo,0.3522855415723067,0.3628,0.4808559082312457
2368655,Ancient,0.40596517271249016,0.4096,0.491809124806615
2368655,Vertigo,0.6446510963472244,0.6514,0.476574720996549
2368655,Inferno,0.47470651096494226,0.483,0.49976089501924625
2368645,Anubis,0.4899949386183297,0.498,0.5000460070851884
2368645,Ancient,0.6075589263120086,0.6162,0.48635878626153634
2368518,Ancient,0.41177032945373665,0.4152,0.49280577462759223
2368518,Vertigo,0.7157010724034529,0.7194,0.4493373129444747
2368644,Ancient,0.6194684448881367,0.6282,0.48333371731802377
2368644,Mirage,0.4631912926890517,0.4692,0.49910037090353604
2368644,Nuke,0.5467702186131734,0.5556,0.4969487213046445
2368517,Overpass,0.589780106833661,0.598,0.4903509853337337
2368517,Ancient,0.8377767742849344,0.84,0.3666427217020344
2368516,Anubis,0.4943246663822811,0.503,0.5000410065201056
2368516,Overpass,0.41252017386266937,0.4164,0.49301080305647066
2368515,Ancient,0.6304244044027271,0.638,0.4806268827688356
2368515,Overpass,0.6780557105060208,0.6848,0.4646419464788834
2368579,Anubis,0.6377546503097986,0.6442,0.4788028931012097
2368579,Vertigo,0.6802162358260764,0.6868,0.46384134114797443
2368578,Ancient,0.6747660879135626,0.6812,0.46605793845872867
2368578,Mirage,0.6146799788655241,0.6238,0.48447962196651795
2368643,Mirage,0.39749085336007706,0.403,0.4905498219605886
2368643,Ancient,0.6589888684008424,0.6672,0.4712627480668752
2368630,Ancient,0.4449063895872748,0.45,0.49754347538881516
2368630,Anubis,0.547232354319083,0.5564,0.49685854494286047
2368630,Vertigo,0.41518483250106586,0.4194,0.4935102333995659
2368630,Inferno,0.4749706756508766,0.4832,0.49976765956062874
2368642,Inferno,0.5810136858554572,0.589,0.4920644525721169
2368642,Vertigo,0.6565455249214495,0.6656,0.4718274729526106
2368641,Ancient,0.4185720122161997,0.423,0.49408483478527543
2368641,Nuke,0.5788056947720728,0.5868,0.49245737160953384
2368641,Overpass,0.566600044840327,0.577,0.49408483478527554
2368576,Ancient,0.5135174816400734,0.524,0.49947361770063076
2368576,Nuke,0.6088501944094684,0.6174,0.4860704608372943
2368576,Mirage,0.4636308818924914,0.4694,0.4991126753474996
2368575,Inferno,0.45978728229868165,0.466,0.498892552315377
2368575,Vertigo,0.6193276563917085,0.6282,0.48333371731802377
2368575,Anubis,0.4500338623123466,0.4568,0.4981800845872262
2368639,Overpass,0.36891458606194627,0.3752,0.48422293870785815
2368639,Ancient,0.6924097947790442,0.6986,0.45891193058364305
2368639,Nuke,0.615423591050979,0.6246,0.48427445147237513
2368654,Nuke,0.5423281427908108,0.5522,0.49731742873640067
2368654,Ancient,0.5108242058466973,0.5212,0.4996003203521983
2368638,Ancient,0.44098397923539345,0.4462,0.4971468505363377
2368638,Inferno,0.5473540859395161,0.5566,0.49683579698108743
2368991,TBA,0.1291139793375813,0.1288,0.3350119499380884
2368955,Inferno,0.5490077657072882,0.558,0.49667427663148966
2368629,Overpass,0.45814387846381105,0.4644,0.4987809102995982
2368629,Ancient,0.5913581526907793,0.6006,0.4898240760978425
2368636,Inferno,0.5536079064877096,0.5632,0.4960392837207542
2368636,Mirage,0.7736309009939758,0.7762,0.41683127241358986
2368466,Default,0.6558764916834006,0.6642,0.47231660630907213
2368466,Vertigo,0.6348227149739724,0.6424,0.47934141656936735
2368466,Anubis,0.6012808320520795,0.6106,0.4876630015088372
2368535,Vertigo,0.4693638274039719,0.4766,0.4995020925562711
2368535,Ancient,0.477360621042849,0.486,0.49985394946339967
2368535,Anubis,0.6158483448103381,0.6248,0.48422293870785815
2368593,Inferno,0.3044378374021746,0.313,0.4637607301216443
2368593,Nuke,0.30004656468942426,0.3082,0.46179585433632514
2368508,Overpass,0.6704345440611446,0.6774,0.4675178655312737
2368508,Ancient,0.4474909680196883,0.454,0.49792929891435744
2368508,Vertigo,0.5454439322868706,0.5548,0.4970375934211162
2368508,Mirage,0.3922287062069383,0.3952,0.4889425047534638
2368508,Anubis,0.4232746842808139,0.4276,0.49477995254485413
2368614,Default,0.6466939729799622,0.6522,0.4763197834514345
2368614,Nuke,0.6319557466249781,0.6398,0.48010630115848557
2368614,Mirage,0.3030910626227813,0.3114,0.4631122267732924
2368614,Anubis,0.5105029682666579,0.5208,0.4996171368725169
2368614,Inferno,0.6769845972003754,0.683,0.4653539629810543
2368628,Overpass,0.5218761788818606,0.533,0.498959709955054
2368628,Ancient,0.6416068650229844,0.6484,0.4775175856541011
2368628,Nuke,0.5412560151078676,0.5516,0.4973800532625697
2368591,Anubis,0.6338747844231063,0.6414,0.4796374155652184
2368591,Vertigo,0.6117030491020145,0.6204,0.48533591479514265
2368533,Overpass,0.49362902098417605,0.5016,0.5000474472386576
2368533,Ancient,0.477360621042849,0.486,0.49985394946339967
2368627,Nuke,0.57524242350169,0.5854,0.49270213220384546
2368627,Ancient,0.47366484987299234,0.481,0.4996888409676141
2368627,Inferno,0.4186871618305779,0.4238,0.4942088713101944
2368649,Nuke,0.5439356285621569,0.5536,0.497168457663053
2368649,Anubis,0.3123126809739559,0.32,0.46652280620109143
2368649,Ancient,0.34538641855820185,0.357,0.47916272745683874
2368465,Nuke,0.46044404293050983,0.4664,0.498919657023887
2368465,Ancient,0.6441777747405459,0.6514,0.476574720996549
2368465,Vertigo,0.7038030730370296,0.7078,0.4548192301414061
2368666,Mirage,0.4143956447798092,0.4186,0.49337888538617963
2368666,Nuke,0.6330144094321515,0.6408,0.47981392672665946
2368666,Ancient,0.626588671496358,0.6346,0.4815903091271346
2368663,Anubis,0.3511061659050751,0.3612,0.4803964156227945
2368663,Mirage,0.7604927173820916,0.7638,0.42478894657209004
2368663,Ancient,0.7130913157005448,0.7178,0.4501151860759057
2368652,Anubis,0.6509360333926941,0.6572,0.47469277079531036
2368652,Ancient,0.5175124057369385,0.5276,0.49928759009164636
2368587,Vertigo,0.7938790344247656,0.7962,0.4028622836701405
2368587,Overpass,0.7751157016022313,0.7782,0.4154988421855968
2368587,Ancient,0.29098797189151826,0.3002,0.45839064606171814
2368531,Ancient,0.6631664813273265,0.6714,0.4697511822599778
2368531,Vertigo,0.7931583327282677,0.7954,0.40344937015548277
2368613,Inferno,0.6436737378452733,0.6504,0.4768913136816532
2368613,Anubis,0.43219197141230875,0.4366,0.4960137557862542
2368613,Nuke,0.6218039243712367,0.6316,0.48241889017442036
2368590,Anubis,0.2867474470101566,0.2958,0.4564471807402924
2368590,Ancient,0.8129145025051909,0.8158,0.3876859812838437
2368590,Mirage,0.2941439700565645,0.3028,0.4595153869873953
2368506,Anubis,0.4286178332676616,0.4324,0.4954587125757033
2368506,Mirage,0.5279931705878002,0.539,0.498526534640984
2368626,Vertigo,0.41016257346727986,0.414,0.49259773700870907
2368626,Anubis,0.3978007210997227,0.4034,0.4906287632382181
2368626,Ancient,0.40022262744818543,0.4052,0.490979808377541
2368507,Overpass,0.41819772618722584,0.4226,0.49402231893946047
2368507,Mirage,0.5403688111805125,0.551,0.49744194605796926
2368375,Mirage,0.6132201687778546,0.6218,0.4849863939952048
2368375,Anubis,0.514965835122353,0.5252,0.49941450015852934
2368625,Mirage,0.48506407836191956,0.4944,0.5000186433811702
2368625,Ancient,0.5583672649652817,0.569,0.49526564347986257
2368464,Mirage,0.6556878101420726,0.664,0.4723861023844215
2368464,Inferno,0.5097238952856764,0.52,0.49964980735110587
2368632,Anubis,0.5471203729034925,0.5562,0.4968812113449627
2368632,Overpass,0.47388234517856864,0.4812,0.49969640713123
2368631,Inferno,0.555594796453173,0.5664,0.4956209923253924
2368631,Ancient,0.4503395154849375,0.4568,0.4981800845872262
2368631,Mirage,0.32904312178074463,0.3402,0.47382366105161366
2368589,Overpass,0.30695585369504774,0.315,0.46456233557266197
2368589,Ancient,0.2900561872227953,0.2998,0.4582160542696841
2368585,Vertigo,0.4887276570452226,0.4964,0.500037046037073
2368584,Ancient,0.2898434695448737,0.2998,0.4582160542696841
2368505,Ancient,0.7025831845756981,0.7068,0.45527487855471294
2368505,Mirage,0.5542227675139394,0.5638,0.49596245397323196
2368612,Ancient,0.41742186381297663,0.4222,0.49395947120369943
2368612,Inferno,0.5452316803768422,0.5548,0.4970375934211162
2368623,Inferno,0.5857360352915105,0.5934,0.49124810935105717
2368623,Overpass,0.49988568664175215,0.509,0.4999689928373156
2368502,Ancient,0.5068689439874388,0.5172,0.4997540503309247
2368502,Nuke,0.5867985224702901,0.5946,0.4910183905028022
2368621,Overpass,0.44102609488434674,0.4464,0.49716845766305306
2368621,Vertigo,0.5507865715082243,0.5594,0.4965087553999806
2368581,Mirage,0.3335175991153691,0.3448,0.47535055656886116
2368635,Inferno,0.5458806705345065,0.5552,0.49699332034957416
2368635,Nuke,0.5426480524982813,0.5526,0.49727527239880714
2368461,Anubis,0.5499456673107793,0.5588,0.4965801832289274
2368461,Overpass,0.7204292788265648,0.7238,0.44716166059954426
2368439,Inferno,0.5509221369307599,0.5598,0.49646072820609904
2368439,Ancient,0.5899636042968833,0.5984,0.4902708568767071
2368198,Inferno,0.4727406311207723,0.4802,0.49965777445999543
2368198,Ancient,0.6088213887882699,0.6174,0.4860704608372943
2368409,Ancient,0.45324430285592515,0.4602,0.49846329165809805
2368409,Anubis,0.6019087980733571,0.6112,0.48752650842726886
2368616,Ancient,0.5048626675669707,0.5146,0.4998367807209393
2368616,Anubis,0.6478726729147017,0.6528,0.4761276084201587
2368504,Mirage,0.409053769802693,0.4128,0.49238668638559463
2368504,Nuke,0.37937070039210424,0.3854,0.48673835152427525
2368438,Anubis,0.5548219470523879,0.565,0.4958065800621918
2368438,Mirage,0.35486772210064027,0.3644,0.4813096423243137
2368438,Ancient,0.6412943892006613,0.648,0.47764173637326246
2368408,Ancient,0.48830105306253596,0.4962,0.5000355658484931
2368408,Inferno,0.5935532056259843,0.6026,0.4894089744057068
2368501,Anubis,0.567421662673299,0.5778,0.49395947120369943
2368501,Inferno,0.492924643000948,0.5006,0.5000496474651153
2368501,Mirage,0.3689053804917714,0.3752,0.48422293870785815
2368609,Inferno,0.49285630612154335,0.5006,0.5000496474651153
2368609,Anubis,0.502044896515678,0.511,0.49992898075342607
2368609,Nuke,0.5374239278888749,0.5488,0.4976626303217107
2368611,Ancient,0.6173777669452799,0.6262,0.48385988062332197
2368611,Mirage,0.8282905751013538,0.831,0.3747893987543988
2368624,Ancient,0.6733082923145285,0.6796,0.4666769733761201
2368624,Mirage,0.5375373275532568,0.5492,0.49762323677372167
2368503,Ancient,0.4128309041985465,0.4166,0.493044682165544
2368503,Overpass,0.6324505321528751,0.6406,0.4798725826082459
2368622,Overpass,0.3260215283736727,0.3368,0.47266313806813587
2368622,Inferno,0.5728923926874528,0.5836,0.49301080305647066
2368197,Ancient,0.4402220255398205,0.446,0.49712516199176354
2368197,Inferno,0.4018630236847679,0.4064,0.491210033956445
2368197,Anubis,0.2694019326204728,0.2746,0.4463571293677155
2368458,Vertigo,0.6226014900866982,0.6322,0.4822547811424859
2368458,Ancient,0.6177992358186046,0.627,0.48365047664270044
2368457,Nuke,0.5205099039010443,0.5318,0.4990376415798138
2368457,Vertigo,0.7435056432100221,0.744,0.43646546303239625
2368437,Mirage,0.39798010311115317,0.4034,0.4906287632382181
2368437,Overpass,0.6088276516863916,0.6174,0.4860704608372943
2368437,Anubis,0.555393607392686,0.566,0.4956744280550748
2368571,Vertigo,0.7159499541225439,0.7194,0.4493373129444747
2368571,Anubis,0.5360815844095396,0.547,0.4978358847186719
2368571,Overpass,0.43863198817305504,0.4434,0.49683579698108743
2368193,Anubis,0.5128447356540548,0.524,0.49947361770063076
2368193,Mirage,0.5895094415863449,0.5978,0.4903909222766366
2368193,Nuke,0.6263135449466949,0.6346,0.4815903091271346
2368195,Mirage,0.7064067595429159,0.711,0.45334325187522556
2368195,Vertigo,0.5566077820734009,0.5674,0.495485964754052
2368195,Overpass,0.5273668508230616,0.538,0.4986037716907373
2368194,Inferno,0.38150306957732855,0.3874,0.4872050017628602
2368194,Anubis,0.30110365617538787,0.3088,0.4620446483311004
2368500,Ancient,0.38970028371318177,0.3928,0.4884218168491604
2368500,Nuke,0.3306038708612187,0.3418,0.4743603730843361
2368436,Ancient,0.5146128898594233,0.5248,0.4994345272099175
2368436,Nuke,0.5848837962354352,0.5926,0.49139956726368966
2368406,Overpass,0.45520436410181025,0.4624,0.4986341015147667
2368406,Ancient,0.575594598905211,0.5856,0.4926674174702924
2368406,Anubis,0.5506617664603017,0.5592,0.496532646392749
2368570,Nuke,0.519657755681027,0.5306,0.4991126753474996
2368570,Anubis,0.40816658091583796,0.4114,0.4921366473815369
2368570,Inferno,0.48469861029205663,0.4942,0.5000163630049066
2368435,Mirage,0.33004049166437577,0.3412,0.47415981009054436
2368435,Inferno,0.8120828004835978,0.8146,0.38866058638647943
2368435,Overpass,0.46471561433339875,0.471,0.49920821484462136
2368499,Nuke,0.43287834128026026,0.4372,0.4960900937090109
2368499,Mirage,0.5274739414658048,0.5384,0.4985731190417371
2368495,Inferno,0.5482085551954531,0.5566,0.49683579698108743
2368495,Nuke,0.675171500689731,0.6816,0.465902192493869
2368495,Overpass,0.6331958522887555,0.6412,0.47969634323845256
2368405,Ancient,0.43639748834781045,0.4404,0.49648478267504387
2368405,Inferno,0.5473824201901262,0.5566,0.49683579698108743
2368405,Overpass,0.5415790395251884,0.5516,0.4973800532625697
2368494,Ancient,0.2911515288904706,0.3004,0.45847778613153684
2368494,Anubis,0.5277863298254928,0.5388,0.4985421435082201
2368494,Overpass,0.6596639616627533,0.668,0.47097809298609056
2368608,Mirage,0.39200793719129057,0.3948,0.4888565803497281
2368608,Inferno,0.5394594386740897,0.5506,0.4974828015394758
2368608,Anubis,0.49174988893983174,0.4998,0.5000499674972481
2368557,Mirage,0.5234320836967519,0.5356,0.4987809102995982
2368557,Overpass,0.5979555960386976,0.608,0.48824550866889405
2368557,Anubis,0.5867079092826958,0.5946,0.4910183905028022
2368434,Anubis,0.5977633576199228,0.6076,0.4883338345709801
2368434,Ancient,0.4566542986516936,0.4636,0.49872315462287425
2368434,Inferno,0.6077799381451396,0.6162,0.48635878626153634
2368498,Inferno,0.2636427667136819,0.27,0.444003860214725
2368498,Mirage,0.5899161286348816,0.5984,0.4902708568767071
2368498,Overpass,0.34028355540886335,0.3512,0.4773930674278436
2368556,Mirage,0.5903327999736865,0.5994,0.4900690497620788
2368556,Ancient,0.6059666341661331,0.6146,0.48673835152427525
2368455,Inferno,0.35005238161669516,0.361,0.48033857333031854
2368455,Ancient,0.6516850326150121,0.6576,0.474560092566043
2368455,Mirage,0.5848581888825722,0.5926,0.49139956726368966
2368456,Nuke,0.566343849157215,0.5768,0.49411596828884574
2368456,Vertigo,0.724364932935718,0.728,0.4450343931902617
2368559,Overpass,0.47008016355841176,0.4774,0.4995389352488611
2368559,Inferno,0.6218089988199487,0.6316,0.48241889017442036
2368189,Ancient,0.583023803335242,0.5912,0.4916613734891488
2368189,Nuke,0.5251017228330671,0.5372,0.49866410857273025
2368190,Mirage,0.5039340072510176,0.5132,0.4998757197014368
2368190,Anubis,0.7366419032641858,0.7384,0.4395498615813265
2368402,Overpass,0.45191044869373115,0.459,0.4983660037911364
2368402,Inferno,0.5889108492961188,0.5968,0.490589334962671
2368561,Mirage,0.2806282989429409,0.2894,0.453529246857963
2368561,Ancient,0.4556292861873431,0.4626,0.4986491453858502
2368561,Inferno,0.32820841526720235,0.3394,0.4735530492965911
2368432,Ancient,0.5497976965442045,0.5588,0.4965801832289274
2368432,Nuke,0.44642769371531993,0.4522,0.49775969397148717
2368497,Ancient,0.7126654655494872,0.7174,0.4503085559470438
2368497,Nuke,0.5366647103407601,0.5482,0.4977211119302176
2368431,Mirage,0.7503178272027173,0.7522,0.4317782376281809
2368431,Overpass,0.4955334816562648,0.5038,0.5000355658484931
2368403,Nuke,0.38654152749970705,0.3906,0.48793365927262106
2368403,Mirage,0.682685636592641,0.69,0.4625394994567616
2368403,Ancient,0.5297994627892837,0.5408,0.4983824204437808
2368555,Inferno,0.6490813469766313,0.6552,0.47535055656886116
2368555,Vertigo,0.5407257330036057,0.5514,0.4974007654842329
2368555,Overpass,0.4783633102418426,0.4868,0.4998757197014368
2368489,Inferno,0.5494624993245337,0.5584,0.4966273932774457
2368489,Ancient,0.5463771243185964,0.5556,0.4969487213046445
2368489,Overpass,0.5168160151365826,0.5272,0.4993095452766759
2368496,Overpass,0.5694372941305925,0.5802,0.493575407953706
2368496,Mirage,0.3602528022795326,0.3682,0.48236427630890305
2368430,Nuke,0.5785634273846691,0.5866,0.4924925885634808
2368430,Overpass,0.5602207007026363,0.57,0.4951252667820147
2368554,Inferno,0.650506791963223,0.6568,0.4748250749174417
2368554,Anubis,0.6264372071715429,0.6346,0.4815903091271346
2368433,Overpass,0.38007851263368286,0.386,0.4868792563686159
2368433,Ancient,0.6990451769245009,0.7042,0.4564471807402924
2368426,Overpass,0.536950952925698,0.5482,0.4977211119302176
2368426,Mirage,0.38721146685928903,0.3908,0.4879784673496561
2368426,Ancient,0.6538062009222347,0.6616,0.4732126647134553
2368428,Ancient,0.5205483130021927,0.5318,0.4990376415798138
2368428,Vertigo,0.4343456476131381,0.4384,0.4962405575305062
2368427,Vertigo,0.5229882478398082,0.535,0.4988233805195889
2368427,Anubis,0.41035717626338314,0.4142,0.49263261907782346
2368191,Default,0.6819451049121147,0.6888,0.4630307111714056
2368191,TBA,0.12994930750204903,0.1298,0.33611687686128194
2368401,Inferno,0.56006074459524,0.57,0.4951252667820147
2368401,Anubis,0.6063674105343033,0.6156,0.48650177470936223
2368539,Inferno,0.5565820587589058,0.5674,0.495485964754052
2368539,Mirage,0.5509664143674771,0.56,0.4964365919812636
2368539,Overpass,0.6139022051447002,0.6226,0.4847847390839048
2368429,Overpass,0.5388318139657823,0.5498,0.4975635375454867
2368429,Anubis,0.5438083339364806,0.5536,0.497168457663053
2368429,Ancient,0.5886933849271879,0.5966,0.4906287632382181
2368538,Anubis,0.45336898248307145,0.4604,0.49847922354623914
2368538,Mirage,0.5656686410110883,0.5764,0.49417798653569667
2368553,Anubis,0.4873864689170978,0.4962,0.5000355658484931
2368553,Inferno,0.5558053255817033,0.5664,0.4956209923253924
2368552,Vertigo,0.3366374788010685,0.3474,0.47619175939777
2368552,Mirage,0.5886255065151347,0.5966,0.4906287632382181
2368552,Overpass,0.5201779307538257,0.531,0.49908798599400556
2368550,Anubis,0.4996030286847239,0.509,0.4999689928373156
2368550,Inferno,0.6187443981610994,0.6278,0.4834396578483773
2368550,Ancient,0.44833964079664046,0.455,0.49802068724199017
2368425,Overpass,0.5539727601094839,0.5634,0.49601375578625423
2368425,Ancient,0.5002652159833728,0.5092,0.4999653518701212
2368425,Anubis,0.6245951117894962,0.6336,0.48186873679032044
2368449,Ancient,0.4438630971557298,0.4492,0.4974624144302302
2368449,Mirage,0.6135669394306863,0.622,0.4849361118812676
2368333,Inferno,0.6817252513180966,0.6884,0.46319364165533833
2368333,Ancient,0.5752260693029527,0.5854,0.49270213220384546
2368333,Vertigo,0.5160832826158256,0.5266,0.49934187533361585
2368333,Mirage,0.4207803065514085,0.4258,0.49451316327650047
2368551,Nuke,0.4365557387137659,0.4404,0.49648478267504387
2368551,Anubis,0.26794545271632303,0.2738,0.44595216634403
2368424,Vertigo,0.6984968868902095,0.704,0.4565366197108699
2368424,Ancient,0.6883031060284199,0.6952,0.46036870861253587
2368448,Inferno,0.7920335869863239,0.7942,0.404325433050114
2368448,Overpass,0.4617045956736568,0.4674,0.4989860092302002
2368448,Ancient,0.5300879293803444,0.541,0.4983660037911364
2368423,Ancient,0.569477080212967,0.5802,0.493575407953706
2368423,Anubis,0.42565812744847215,0.4298,0.49509694424106415
2368423,Nuke,0.636868647973476,0.6436,0.47898321994094634
2368537,Anubis,0.6259614732924199,0.634,0.48175763417263734
2368537,Ancient,0.5415089842161425,0.5516,0.4973800532625697
2368536,Vertigo,0.5580543965548506,0.569,0.49526564347986257
2368536,Overpass,0.45900920937434947,0.4654,0.49885129098971415
2368485,Nuke,0.7849801036918471,0.7882,0.40862471147859647
2368485,Ancient,0.5105027049975444,0.5208,0.4996171368725169
2368485,Vertigo,0.5357691868179462,0.5468,0.4978547296816344
2368545,Mirage,0.6484543636455267,0.6544,0.4756110608220074
2368547,Anubis,0.5353412757725294,0.5466,0.4978734935735389
2368452,Nuke,0.6333042353398962,0.6412,0.47969634323845256
2368452,Ancient,0.5116990997336094,0.5224,0.49954794527645285
2368452,Mirage,0.6964914603368096,0.702,0.4574252371366428
2368422,Mirage,0.4636860745072434,0.4696,0.4991248993318472
2368422,Overpass,0.2525575543932227,0.2592,0.43823939890675145
2368422,Anubis,0.5349222120015984,0.5466,0.4978734935735389
2368446,Ancient,0.3295317528859375,0.3406,0.47395840251383103
2368446,Overpass,0.5903174198571148,0.5992,0.49010958109416314
2368446,Mirage,0.28621079945175887,0.295,0.45608837227083976
2368513,Ancient,0.3469142731329529,0.359,0.47975518028115266
2368513,Vertigo,0.5379906724783327,0.5494,0.49760341822817744
2368420,Ancient,0.5255916129919901,0.5374,0.4986491453858502
2368420,Anubis,0.39249092746904546,0.3956,0.4890280868149996
2368331,Mirage,0.2504903694841031,0.258,0.4375777586429317
2368331,Nuke,0.6335299593570165,0.6412,0.47969634323845256
2368451,Ancient,0.3374472302653728,0.348,0.47638365660217136
2368451,Vertigo,0.5099087309496677,0.5204,0.4996336325282263
2368447,Vertigo,0.6344430917774727,0.6418,0.47951928819344686
2368447,Inferno,0.6114944068014665,0.6202,0.48538549609147075
2368450,Inferno,0.4541529185363904,0.4608,0.4985108450299978
2368450,Ancient,0.40723538325196856,0.4104,0.49195553056024255
2368450,Nuke,0.5753549165110174,0.5856,0.4926674174702924
2368332,Vertigo,0.4511174537774853,0.4584,0.4983162688702469
2368332,Anubis,0.6220989968923565,0.6322,0.4822547811424859
2368419,Anubis,0.2867376706557404,0.2956,0.45635763657299705
2368419,Mirage,0.5254315713607554,0.5374,0.4986491453858502
2368989,TBA,0.1175435744022858,0.1164,0.32073605086248813
2368990,TBA,0.13110519727874667,0.131,0.3374341007581642
2368992,TBA,0.11528431728443607,0.1144,0.31832830000066953
2368993,TBA,0.13146643759386678,0.1316,0.3380891906881556
2368994,TBA,0.13085261829744962,0.1304,0.3367766673995408
2368995,TBA,0.12395061691870099,0.1234,0.32892868347981324
2368996,TBA,0.10413612262301743,0.1028,0.3037278553607232
2368956,Vertigo,0.5133502837400455,0.524,0.49947361770063076
2368954,Anubis,0.69666912034553,0.702,0.4574252371366428
2368947,Mirage,0.6406872604811124,0.6476,0.47776551987182553
2368946,Ancient,0.7324322127669944,0.7352,0.44127078305819906
2368945,Ancient,0.4711625457468268,0.4782,0.4995744938795284
2368936,Ancient,0.645981732452991,0.6518,0.47644743721851046
2368933,Ancient,0.7588367869299417,0.762,0.4259017239407363
2368933,Inferno,0.4631583762248203,0.4692,0.49910037090353604
2368922,Ancient,0.5904728804511598,0.5996,0.4900284334333209
2368921,Mirage,0.5365524967083288,0.5478,0.4977596939714871
2368932,Ancient,0.7337781080968786,0.7362,0.44073621326359874
2368932,Overpass,0.7188836181025582,0.7228,0.44766085382576126
2368157,Anubis,0.6191875520454929,0.6282,0.48333371731802377
2368157,Nuke,0.4229477141418026,0.4274,0.49475063985721923
2368157,Ancient,0.565180730430504,0.5758,0.4942703922390343
2368377,Anubis,0.33466297490283625,0.3464,0.47587007729641206
2368377,Inferno,0.6584284674906299,0.666,0.47168686403114923
2368377,Mirage,0.5773721970790103,0.5864,0.4925277217693866
2367968,Anubis,0.5534426247533782,0.5626,0.4961153757879498
2367968,Vertigo,0.5714628534295285,0.5818,0.4933127116609679
2368237,Ancient,0.7006861249637356,0.706,0.45563748869492815
2368237,Vertigo,0.5924096475431161,0.6018,0.48957603795466526
2368236,Vertigo,0.4663405687062548,0.4728,0.4993095452766759
2368236,Overpass,0.4975492599948994,0.5064,0.5000090417266089
2368376,Vertigo,0.6273493247172011,0.636,0.4811967477674931
2368376,Nuke,0.5052377471810353,0.5148,0.49983089758961186
2368365,Mirage,0.5580668728713244,0.569,0.49526564347986257
2368365,Inferno,0.6337186690038712,0.6412,0.47969634323845256
2368365,Ancient,0.6597658724908004,0.668,0.47097809298609056
2368235,Ancient,0.6867017205619398,0.6942,0.4607915209345253
2368235,Overpass,0.2398933337122588,0.2448,0.43001156029622933
2368235,Vertigo,0.28863847267417114,0.2988,0.45777775404055937
2368038,Anubis,0.5729470198863076,0.5836,0.49301080305647066
2368038,Overpass,0.2898173454138218,0.2996,0.4581286024286987
2368038,Nuke,0.5760162574863218,0.5862,0.4925627712451717
2368156,Vertigo,0.4667807234912621,0.4734,0.49934187533361585
2368156,Mirage,0.5106407024160284,0.5208,0.4996171368725169
2368156,Overpass,0.48051098759628474,0.4894,0.4999376236346942
2368234,Ancient,0.4846044803805513,0.4942,0.5000163630049066
2368366,Ancient,0.5111167897670299,0.5214,0.49959179175770924
2368366,Overpass,0.37564873250629394,0.3814,0.4857789993888677
2368366,Mirage,0.5395185248639125,0.5506,0.4974828015394758
2368037,Nuke,0.31029177025385046,0.318,0.465746050843993
2368037,Inferno,0.7287358474033513,0.7316,0.4431712086135885
2368233,Ancient,0.5881028426134494,0.5958,0.490785629482793
2368155,Anubis,0.497969989872617,0.5072,0.49999815962853944
2368155,Ancient,0.5390254768606038,0.55,0.49754347538881505
2368232,Ancient,0.739118471881393,0.7404,0.43845899381567205
2368309,Overpass,0.23572090850089863,0.2404,0.4273691248485023
2368309,Nuke,0.5116655946408257,0.5224,0.49954794527645285
2368349,Mirage,0.6633502621584512,0.6716,0.4696781445968105
2368349,Anubis,0.3188791417546588,0.3278,0.4694584520994904
2368349,Inferno,0.6947419314727687,0.7004,0.4581286024286987
2368230,Vertigo,0.494740557663642,0.5032,0.5000397663722264
2368229,Anubis,0.6774784175733533,0.6834,0.46519643328846455
2368293,Inferno,0.2975038265603205,0.3064,0.4610439808851885
2368293,Vertigo,0.49683419844186394,0.5056,0.5000186433811701
2368293,Mirage,0.4407794188932941,0.446,0.49712516199176354
2368367,Mirage,0.34354144750250065,0.355,0.47856118120970925
2368367,Nuke,0.6201290655984848,0.63,0.48285259585702256
2368231,Ancient,0.5421710452109525,0.5522,0.49731742873640067
2368290,Mirage,0.535439023190026,0.5468,0.4978547296816344
2368290,Inferno,0.6813084608398127,0.6878,0.46343728251292493
2368291,Ancient,0.6763829057378165,0.6826,0.46551109558851894
2368291,Overpass,0.5549514566601603,0.5652,0.49578031387291366
2368291,Mirage,0.5026864081245853,0.5116,0.499915415930152
2368036,Anubis,0.39994543647089714,0.4044,0.4908246344310286
2368036,Nuke,0.5324227817187843,0.544,0.4981100508166292
2368036,Inferno,0.6189586739338865,0.628,0.4833867318685002
2368105,Vertigo,0.49225396688009554,0.5002,0.5000499674972481
2368105,Anubis,0.538355902900657,0.5496,0.49758351848867977
2368306,Anubis,0.21902824803392812,0.2244,0.41722830188180937
2368306,Overpass,0.4129509285857444,0.4166,0.493044682165544
2367966,Ancient,0.5623815230685335,0.5722,0.4948091826405863
2367966,Overpass,0.5315175012997372,0.5432,0.4981800845872262
2367966,Inferno,0.5582537451315116,0.569,0.49526564347986257
2368280,Overpass,0.6007324349348168,0.61,0.48779871824134957
2368280,Anubis,0.5061206525571275,0.5164,0.49978094821555563
2368182,Overpass,0.5711185603876954,0.5812,0.49341184729413423
2368182,Ancient,0.48297300853779795,0.493,0.5000010001990396
2368182,Nuke,0.6752549750985297,0.6816,0.465902192493869
2368953,Ancient,0.5373566415507226,0.5488,0.4976626303217107
2368948,Default,0.6089263724121828,0.6174,0.4860704608372943
2368962,Mirage,0.2753015515683264,0.2834,0.4506939815584435
2368957,Ancient,0.7494077334023487,0.7508,0.43259309675198415
2369030,Mirage,0.4701165552002953,0.4774,0.4995389352488611
2369030,Overpass,0.7946451363650107,0.7964,0.4027151299556288
2369028,Overpass,0.25557907586237993,0.2624,0.439982905339967
2369029,Inferno,0.5498680080790204,0.5588,0.4965801832289274
2369027,Mirage,0.7107511520699475,0.7156,0.4511733053609157
2369026,Nuke,0.7400218215349784,0.7412,0.43801932855347525
2369002,Nuke,0.5387578186064683,0.5498,0.4975635375454867
2369001,Ancient,0.6452075274355072,0.6518,0.47644743721851046
2369003,Mirage,0.7201912853672611,0.7236,0.44726172271917247
2368998,Ancient,0.4922828816596923,0.5002,0.5000499674972481
2369004,Mirage,0.707865284266046,0.712,0.4528763842417495
2368997,Inferno,0.3556242184036706,0.366,0.4817576341726374
2369000,Inferno,0.5652672559347128,0.576,0.49423967320614215
2368999,Overpass,0.5470209084152217,0.5562,0.4968812113449627
2368966,Mirage,0.6013452260460119,0.6106,0.4876630015088372
2368967,Ancient,0.5982736479723906,0.6082,0.4882012168006314
2368973,TBA,0.14332222093688113,0.1446,0.3517322605571222
2368975,TBA,0.1050039840967842,0.1036,0.3047714178255971
2368972,Inferno,0.5305180033721101,0.5414,0.49833292801241647
2367985,Ancient,0.3326981421688423,0.3444,0.47521974576121334
2367985,Vertigo,0.6545304611644019,0.6624,0.472938657961938
2368098,Mirage,0.4913624163685466,0.4992,0.5000493674368309
2368098,Ancient,0.5427230757236238,0.5526,0.49727527239880714
2368275,Anubis,0.5428395634349674,0.5526,0.49727527239880714
2368275,Nuke,0.44892107962914235,0.4558,0.49809234002927527
2368175,Ancient,0.5872738524533989,0.5948,0.490979808377541
2368175,Anubis,0.45388217233198125,0.4606,0.49849507466763754
2368175,Nuke,0.4531253592227731,0.46,0.4984472789954697
2368097,Vertigo,0.4628674489432337,0.469,0.49908798599400556
2368097,Ancient,0.5071235516395098,0.5172,0.4997540503309247
2368174,Ancient,0.6153789738570018,0.6246,0.48427445147237513
2368174,Anubis,0.4220646918756108,0.4266,0.49463256289336116
2368125,Overpass,0.6030799809133673,0.6124,0.4872511906035211
2368125,Anubis,0.6733088561296537,0.6796,0.4666769733761201
2368248,Overpass,0.6353139328292817,0.6424,0.47934141656936735
2368248,Nuke,0.6854229792236693,0.6924,0.46154614608833405
2368294,Anubis,0.6186570363063499,0.6274,0.48354524421261774
2368246,Vertigo,0.27906999957496825,0.2874,0.45259497173708013
2368246,Overpass,0.5384022641569922,0.5498,0.4975635375454867
2368171,Ancient,0.43261026747927306,0.4372,0.4960900937090109
2368171,Anubis,0.5444475687776481,0.5538,0.49714685053633767
2368171,Overpass,0.5558487195186939,0.5664,0.4956209923253924
2368221,Vertigo,0.6303920598190317,0.638,0.4806268827688356
2368221,Anubis,0.7121097798809756,0.7174,0.4503085559470438
2368096,Ancient,0.37098015919122357,0.3774,0.48478473908390485
2368096,Anubis,0.2511617387853107,0.2586,0.437909114861264
2368138,Overpass,0.41497017744885567,0.4192,0.4934775212842046
2368138,Inferno,0.33956440273295646,0.3502,0.4770801621281472
2367982,Default,0.6661826501773063,0.674,0.46879414841774436
2367982,TBA,0.12204962807427662,0.1214,0.32662421324105023
2368095,Mirage,0.44094741923046477,0.446,0.49712516199176354
2368095,Anubis,0.5777790465262527,0.5864,0.4925277217693866
2368177,Anubis,0.5789250754022182,0.5868,0.49245737160953384
2368177,Overpass,0.5544804492885335,0.5646,0.4958588662140072
2368220,Default,0.5202529876067675,0.5312,0.49907552061291793
2368220,TBA,0.07023560011570494,0.0684,0.252456306788655
2368050,Inferno,0.59721077775024,0.6074,0.4883778686514344
2368050,Nuke,0.5864302567273382,0.5944,0.491056888123438
2368215,Ancient,0.5016171607200898,0.5108,0.49993334222607505
2368215,Vertigo,0.7194645180649268,0.7232,0.4474615115972235
2368218,Vertigo,0.5109750729826296,0.5214,0.49959179175770924
2368218,Anubis,0.42559731679725354,0.4298,0.49509694424106415
2368137,Overpass,0.4027652828837229,0.4074,0.49139956726368966
2368137,Inferno,0.6262082488098685,0.6346,0.4815903091271346
2369089,Overpass,0.5976583499607322,0.6076,0.4883338345709801
2369008,Ancient,0.33561359105676847,0.3466,0.47593459923454784
2369084,Nuke,0.5255214431260419,0.5374,0.4986491453858502
2369087,Anubis,0.7715228963733561,0.774,0.41828099621947884
2369088,Ancient,0.7920638397260298,0.7942,0.404325433050114
2368988,Mirage,0.591235062007598,0.6006,0.4898240760978425
2368987,Overpass,0.38403837865499196,0.3884,0.4874350814126106
2368986,Anubis,0.3815136834887424,0.3874,0.4872050017628602
2368983,Anubis,0.2771140723474304,0.2846,0.4512688430567113
2368983,Ancient,0.5583393459175803,0.569,0.49526564347986257
2368983,Overpass,0.2405380925719447,0.2454,0.4303671492767952
2368985,Overpass,0.5053269374506911,0.515,0.499824934345015
2368981,Overpass,0.3380621906726829,0.3482,0.4764474372185104
2368981,Nuke,0.3623582896771956,0.37,0.48285259585702256
2368982,Vertigo,0.36727691385658207,0.374,0.48391201076934776
2368982,Mirage,0.6972453419200747,0.7022,0.4573368467533309
2368978,Nuke,0.6068849804620321,0.616,0.48640653600013717
2368977,Nuke,0.7834312445446354,0.787,0.4094685981935383
2368974,Anubis,0.3077884734587905,0.316,0.464959393331815
2369031,Ancient,0.524078006435537,0.536,0.49875219372966173
2369031,Mirage,0.5049049277192479,0.5146,0.4998367807209393
2369005,Mirage,0.2726118034734991,0.2784,0.4482562065664513
2369093,TBA,0.11916218791774989,0.1188,0.32358538517723584
2369006,Inferno,0.5405908860760981,0.5514,0.4974007654842329
2369079,Overpass,0.5236948605597386,0.5356,0.4987809102995982
2369079,Anubis,0.42986106245788086,0.433,0.4955402224062184
2369080,Vertigo,0.7106390698185496,0.7156,0.4511733053609157
2369080,Nuke,0.5879763994619744,0.5958,0.490785629482793
2369080,Overpass,0.4499366426940159,0.4568,0.4981800845872262
2369033,Mirage,0.5501428751163854,0.5588,0.4965801832289274
2369033,Overpass,0.40161909269160756,0.406,0.49113362993027637
2369009,Inferno,0.461031710395615,0.467,0.498959709955054
2369009,Vertigo,0.8407281360974803,0.8416,0.36515216995308175
2369009,Anubis,0.607462623245369,0.6162,0.48635878626153634
2369011,Nuke,0.643159378607648,0.6502,0.47695435535428155
2369011,Vertigo,0.6541706517568118,0.6624,0.472938657961938
2369011,Ancient,0.5683701103361919,0.5792,0.4937368886593796
2369012,Ancient,0.5345263038923851,0.546,0.4979292989143574
2369012,Overpass,0.6003344915113831,0.61,0.48779871824134957
2369010,Anubis,0.30338432109491464,0.312,0.4633561694722081
2369010,Inferno,0.7180521098269349,0.722,0.44805820071754754
2369007,Ancient,0.7146740972766464,0.7188,0.4496298404228524
2369083,Anubis,0.6604569769844971,0.669,0.4706201192674745
2369032,Overpass,0.6964697929614966,0.702,0.4574252371366428
2369032,Mirage,0.4059824616378312,0.4096,0.491809124806615
2368211,Ancient,0.2841160330250465,0.2928,0.455092937669201
2368211,Mirage,0.3798861944929029,0.3858,0.48683237479879093
2368204,Ancient,0.7849798572015448,0.7882,0.40862471147859647
2368203,Overpass,0.6177576958512604,0.6266,0.48375535536960185
2368091,Vertigo,0.8110022053914052,0.8136,0.38946806939133677
2368091,Ancient,0.7916868515976502,0.7936,0.40476141906223256
2368151,Inferno,0.5527153842478674,0.5614,0.4962653482353688
2368151,Overpass,0.3615178886574712,0.3694,0.48269062353396663
2368151,Nuke,0.6398182471768936,0.6472,0.47788893643514424
2368090,Vertigo,0.6880577292270252,0.695,0.460453475913361
2368090,Anubis,0.45926976113277435,0.4656,0.49886512534216754
2368152,Default,0.6688374477677442,0.6764,0.46789616942765516
2368152,TBA,0.12333718346845898,0.122,0.32731854131029164
2368048,Default,0.6699152822619905,0.677,0.4676694804545083
2368047,Overpass,0.43163831023964033,0.4356,0.4958848862025065
2368047,Vertigo,0.6566591114441142,0.6656,0.4718274729526106
2368149,Overpass,0.5799260220876211,0.5882,0.4922085064713617
2368149,Anubis,0.6287224276122232,0.6366,0.48102673246241595
2368131,Overpass,0.45681811506484316,0.4638,0.4987377144968809
2368131,Anubis,0.5293233391746068,0.54,0.4984472789954697
2368131,Ancient,0.5279563981046755,0.5388,0.4985421435082201
2368088,Inferno,0.4437331513043769,0.4492,0.4974624144302302
2368088,Mirage,0.49857043894997494,0.5078,0.4999891577140112
2368087,Inferno,0.7087630756359417,0.7126,0.45259497173708013
2368087,Ancient,0.5037724896060578,0.513,0.4998809620251996
2368086,Ancient,0.6518505346469347,0.658,0.4744270399157711
2368086,Anubis,0.46732227015241956,0.474,0.4993734822504646
2368086,Inferno,0.5648195231062156,0.5752,0.4943620523136394
2368046,Anubis,0.556393715525111,0.5672,0.4955131346930479
2368046,Vertigo,0.5982524694827256,0.6082,0.4882012168006314
2367984,Anubis,0.40861410506226764,0.4122,0.4922800299886083
2367984,Vertigo,0.4422732187189875,0.4478,0.49731742873640067
2368045,Ancient,0.5410578345184974,0.5516,0.4973800532625697
2368045,Overpass,0.5468237375635305,0.5558,0.49692629951475686
2368205,Inferno,0.5079698455087003,0.5186,0.49970389311687297
2368089,Ancient,0.581382310146403,0.5896,0.49195553056024255
2368089,Nuke,0.49890216403009935,0.5086,0.4999760346327025
2368089,Overpass,0.41106125936968174,0.4144,0.4926674174702924
2367992,Anubis,0.6358065623250947,0.643,0.47916272745683874
2367992,Vertigo,0.6685944124005538,0.6764,0.46789616942765516
2366907,Ancient,0.5280687032400369,0.539,0.498526534640984
2366907,Nuke,0.435092049577661,0.4396,0.496388074216177
2368084,Vertigo,0.6781549858868408,0.685,0.4645623355726619
2368084,Overpass,0.3372335294870197,0.348,0.47638365660217136
2368084,Nuke,0.5247194080185972,0.5362,0.4987377144968809
2368083,Anubis,0.378704582286134,0.3844,0.48650177470936223
2368083,Inferno,0.5903607091558176,0.5994,0.4900690497620788
2368083,Ancient,0.5670850208393818,0.5774,0.4940223189394605
2368109,Mirage,0.5505788294496266,0.5592,0.496532646392749
2368109,Ancient,0.7567789166898611,0.7594,0.4274905725719897
2368068,Inferno,0.6519119919081247,0.658,0.4744270399157711
2368068,Vertigo,0.4602675155538612,0.4662,0.498906144949422
2368121,Mirage,0.7132348309758695,0.7178,0.4501151860759057
2368121,Overpass,0.7743564737738347,0.7774,0.41603348034906307
2368121,Anubis,0.6705433816547024,0.6774,0.4675178655312737
2367983,Inferno,0.6730712810420497,0.6796,0.4666769733761201
2367983,Overpass,0.5975298332989103,0.6076,0.4883338345709801
2368082,Ancient,0.47175396048769913,0.4788,0.49960032035219837
2368082,Overpass,0.5388285534434766,0.5498,0.4975635375454867
2368082,Anubis,0.4575931068787189,0.4638,0.4987377144968809
2368066,Vertigo,0.3637866069165634,0.3702,0.48290640886194913
2368066,Ancient,0.7072718135294954,0.7116,0.45306345394288833
2367794,Vertigo,0.5325489496516265,0.544,0.4981100508166292
2367794,Nuke,0.6904304966989366,0.6968,0.459686874300845
2368076,Inferno,0.5541563761722911,0.5638,0.49596245397323196
2368076,Mirage,0.795674289070591,0.7978,0.40168075568278994
2368080,Overpass,0.4780520955174486,0.4868,0.4998757197014368
2368080,Ancient,0.6005302146568766,0.61,0.48779871824134957
2368080,Inferno,0.582475514872105,0.5906,0.491772313171045
2368107,Ancient,0.620102210470103,0.6298,0.48290640886194913
2368107,Vertigo,0.7058724801612599,0.7106,0.453529246857963
2368119,Overpass,0.49178688060273507,0.4998,0.5000499674972481
2368119,Vertigo,0.5749931504763837,0.5854,0.49270213220384546
2368119,Anubis,0.6364313837925584,0.6434,0.47904314676998927
2368075,Inferno,0.6676020934590863,0.675,0.4684216943916617
2368075,Mirage,0.6040340992447459,0.6136,0.4869727594986179
2368075,Ancient,0.5984906031853294,0.6084,0.48815683895637885
2367922,Anubis,0.3349772485736198,0.3464,0.47587007729641206
2367922,Inferno,0.45433851980868817,0.4612,0.4985421435082201
2367922,Overpass,0.38909282541349516,0.3922,0.48828971458456283
2369014,Mirage,0.33791303856180543,0.3482,0.4764474372185104
2369014,Overpass,0.31121840942206547,0.3194,0.46629081636365627
2369095,Ancient,0.4152802772391272,0.4194,0.4935102333995659
2369092,Nuke,0.696229397049765,0.7018,0.4575135229965831
2369094,Anubis,0.5718499756424217,0.5826,0.4931793641029959
2369013,Anubis,0.7695213804767821,0.7722,0.4194548229186237
2369013,Mirage,0.7683591351368586,0.7712,0.4201021984844096
2369015,Mirage,0.7033029352694711,0.707,0.45518396114944293
2369015,Ancient,0.7254249536090649,0.7286,0.44472642862692996
2369102,Inferno,0.3605002884144569,0.3682,0.48236427630890305
2369103,Anubis,0.5173174365144516,0.5274,0.4992986078690427
2369082,Mirage,0.7144302312781017,0.7184,0.4498243083490224
2369082,Ancient,0.6489738720262102,0.6552,0.47535055656886116
2369101,Mirage,0.6248166660936567,0.6338,0.4818132302020769
2369100,Overpass,0.49302729696050906,0.5006,0.5000496474651153
2369097,Anubis,0.697523374513583,0.7028,0.45707104785641123
2369097,Ancient,0.8029649972147817,0.8072,0.3945368067219733
2369097,Mirage,0.7131158563955072,0.7178,0.4501151860759057
2369099,Vertigo,0.5184538951970404,0.5282,0.4992540544874768
2369099,Nuke,0.5431556700707378,0.553,0.49723279064198683
2369113,Nuke,0.6967099113135959,0.702,0.4574252371366428
2369019,Overpass,0.4455367801863813,0.4508,0.4976232367737216
2369019,Inferno,0.690606428363156,0.697,0.4596011821670282
2369019,Ancient,0.5493992775389712,0.5584,0.4966273932774457
2369020,Anubis,0.3654082106392763,0.3722,0.4834396578483773
2369020,Mirage,0.6581705682903413,0.666,0.47168686403114923
2369021,Inferno,0.7540452749503451,0.7556,0.42977387207253914
2369021,Mirage,0.5972974999356682,0.6074,0.4883778686514344
2369016,Overpass,0.7401437723160741,0.7412,0.43801932855347525
2369016,Inferno,0.3450462264797332,0.3568,0.47910298259725614
2369016,Ancient,0.5947234503150501,0.6044,0.48902808681499954
2369111,Anubis,0.4795840239778724,0.4886,0.4999200176076179
2369111,Mirage,0.7338546248729189,0.7362,0.44073621326359874
2369111,Vertigo,0.57652383030111,0.5862,0.4925627712451717
2369017,Ancient,0.635415466995775,0.6426,0.4792819444089745
2369017,Nuke,0.764640301163721,0.768,0.42215120789649024
2369018,Anubis,0.4896185994855776,0.4976,0.5000442468919825
2369018,Inferno,0.7893574621071694,0.7914,0.4063484512247617
2369110,Anubis,0.4753187090379361,0.4838,0.4997874723354925
2369109,Anubis,0.5898403979005978,0.5982,0.4903109635406837
2369108,Mirage,0.47139583555077036,0.4782,0.4995744938795284
2369108,Anubis,0.39254997408343006,0.3956,0.4890280868149996
2369116,Mirage,0.4205839654957511,0.4258,0.49451316327650047
2369144,Ancient,0.40602951731129905,0.4096,0.491809124806615
2369142,Ancient,0.7136312621541959,0.7182,0.4499213774085088
2369137,Vertigo,0.7471589539438339,0.7486,0.43386136856999324
2369130,Vertigo,0.5180423993402723,0.528,0.499265313406243
2369127,Overpass,0.7021243432404226,0.7068,0.45527487855471294
2369126,Mirage,0.5808530291730931,0.5886,0.4921366473815369
2369132,Nuke,0.7244762261904367,0.728,0.4450343931902617
2369042,Vertigo,0.6719273198751529,0.6784,0.4671371141503138
2369044,Mirage,0.6677695101516529,0.675,0.4684216943916617
2369136,Mirage,0.7036573969042164,0.707,0.45518396114944293
2369035,Ancient,0.5284179020878447,0.539,0.498526534640984
2369128,Anubis,0.4603770852481319,0.4662,0.498906144949422
2369129,Vertigo,0.689693190440214,0.6958,0.46011379129535773
2369141,Anubis,0.5603770889612332,0.5702,0.49509694424106415
2369215,Overpass,0.5876125394280078,0.5952,0.4909023905333995
2369212,Ancient,0.6058435809862008,0.6144,0.48678540652571056
2369213,Inferno,0.5632910762397739,0.5736,0.494602837025101
2369220,Mirage,0.5297732114795203,0.5408,0.4983824204437808
2369221,Ancient,0.5484568004017836,0.5572,0.49676706362549905
2369214,Inferno,0.6217915157341217,0.6312,0.48252785062141756
2369222,Nuke,0.4281923108290293,0.432,0.49540396144661925
2369223,Inferno,0.29839682456690153,0.3064,0.4610439808851885
2369121,Nuke,0.4138259958351476,0.4174,0.4931793641029959
2369121,Mirage,0.6045167935661805,0.614,0.4868792563686159
2369325,Anubis,0.6049906800689254,0.6142,0.48683237479879093
2369325,Inferno,0.578896366485605,0.5868,0.49245737160953384
2369161,Anubis,0.6676070974642659,0.675,0.4684216943916617
2369326,Ancient,0.6367065433698399,0.6436,0.47898321994094634
2369322,Inferno,0.6405189791913696,0.6476,0.47776551987182553
2369321,Mirage,0.4840895222542868,0.4936,0.5000090417266089
2369159,Anubis,0.584660631144955,0.5924,0.49143722092289843
2369159,Nuke,0.5988131514511629,0.6086,0.4881123751126861
2369159,Ancient,0.7245819105892565,0.728,0.4450343931902617
2369315,Ancient,0.731078703899106,0.7338,0.44201429312530766
2369158,Nuke,0.57558066371113,0.5856,0.4926674174702924
2369158,Mirage,0.704117604767983,0.708,0.45472778172341105
2369294,Anubis,0.7484747352304687,0.7496,0.4332867266343333
2369179,Mirage,0.7652099334759523,0.7696,0.42113098943446614
2369174,Mirage,0.7138176501156064,0.7182,0.4499213774085088
2369178,Mirage,0.5337571613639931,0.5454,0.4979843749431678
2369172,Ancient,0.8051024464822636,0.809,0.3931283632377552
2369176,Inferno,0.734882106839117,0.7372,0.44019872215057215
2369107,Mirage,0.5664720324937716,0.577,0.49408483478527554
2369107,Ancient,0.4339297713678385,0.4382,0.49621568496088503
2369169,Anubis,0.6910307815348977,0.6972,0.4595153869873953
2369170,Overpass,0.487393927318072,0.4962,0.5000355658484931
2369118,Vertigo,0.6004271275344444,0.61,0.48779871824134957
2369118,Ancient,0.6248780018933839,0.6338,0.4818132302020769
2369153,Anubis,0.493375852344987,0.501,0.5000490074002351
2369153,Nuke,0.5449466442302761,0.5544,0.49708154060637005
2369153,Ancient,0.5340183220865992,0.5458,0.49794773861327857
2369216,Overpass,0.6508164045241802,0.6572,0.47469277079531036
2369218,Nuke,0.7768651386408557,0.78,0.4142877343892444
2369189,Anubis,0.4928104937447798,0.5004,0.5000498474852222
2369189,Nuke,0.7327360923936179,0.7352,0.44127078305819906
2369324,Mirage,0.6466195656897092,0.6522,0.4763197834514345
2369324,Vertigo,0.5126186881728066,0.5236,0.49949268121536833
2369160,Nuke,0.5381145552549519,0.5494,0.49760341822817744
2369160,Ancient,0.6799175089873963,0.6866,0.4639218519286835
2369160,Inferno,0.36026086885872244,0.3682,0.48236427630890305
2369331,Anubis,0.5408909108578067,0.5516,0.4973800532625697
2369182,Ancient,0.6073519534855708,0.6162,0.48635878626153634
2369181,Ancient,0.5098428120731751,0.5204,0.4996336325282263
2369060,Ancient,0.5363455757416069,0.5474,0.49779795154270373
2369060,Mirage,0.48164067965671004,0.4914,0.4999760346327025
2369060,Vertigo,0.47447494346778324,0.4828,0.4997540503309247
2369149,Inferno,0.6095904493002235,0.6176,0.4860221018602954
2369147,Ancient,0.5492934540054425,0.5582,0.4966508757854795
2369165,Ancient,0.3808078666848371,0.3864,0.48697275949861785
2369056,Ancient,0.7981827492144358,0.8008,0.39943869398701326
2369055,Inferno,0.5132554786488622,0.524,0.49947361770063076
2369224,Ancient,0.46807979076056444,0.4748,0.49941450015852934
2369225,Ancient,0.6382157253120462,0.6446,0.4786822195710498
2369219,Anubis,0.6617359848664899,0.6698,0.47033201298708993
2369227,Anubis,0.7110100360238076,0.7158,0.4510776587361008
2369269,Nuke,0.5245831559533857,0.536,0.49875219372966173
2369270,Nuke,0.5681365403429823,0.579,0.49376893538608774
2369272,Anubis,0.6424144475693508,0.649,0.4773306704097095
2369244,Nuke,0.647171346503588,0.6526,0.47619175939777
2369247,Anubis,0.4892340985795468,0.497,0.5000410065201056
2369271,Anubis,0.38230698140529273,0.3874,0.4872050017628602
2369245,Ancient,0.6389141150639039,0.646,0.478256987350096
2369246,Ancient,0.41256760190857644,0.4164,0.49301080305647066
2369123,Nuke,0.5335529808962501,0.5452,0.4980025715920174
2369123,Vertigo,0.581433558940255,0.5896,0.49195553056024255
2369360,Anubis,0.5143148181937107,0.5244,0.4994542330446116
2369359,Overpass,0.5819673773581812,0.5898,0.4919190552025549
2369373,Mirage,0.8369232470297533,0.8388,0.3677521017229736
2369372,Ancient,0.5310215342187482,0.5422,0.4982658063350852
2369122,Vertigo,0.5815791241950103,0.5896,0.49195553056024255
2369122,Overpass,0.6074098584161687,0.6162,0.48635878626153634
2369358,Ancient,0.5499860156561375,0.5588,0.4965801832289274
2369191,Vertigo,0.6742960284277353,0.6806,0.46629081636365627
2369191,Anubis,0.705848295069753,0.7106,0.453529246857963
2369371,Anubis,0.2767011794590269,0.2846,0.4512688430567113
2369369,Ancient,0.824741790184366,0.8274,0.3779388939518032
2369071,Inferno,0.7348328207164532,0.7372,0.44019872215057215
2369346,Inferno,0.7382946089238767,0.7396,0.4388967601534724
2369345,Anubis,0.26482953249527286,0.2714,0.44472642862692996
2369356,Ancient,0.3478835509247077,0.3594,0.479872582608246
2369355,Overpass,0.7503000631020973,0.7522,0.4317782376281809
2369070,Nuke,0.6327383954442135,0.6406,0.4798725826082459
2369344,Anubis,0.4574822123097174,0.4638,0.4987377144968809
2369343,Nuke,0.5545681367787999,0.5646,0.4958588662140072
2369068,Anubis,0.6535180019366046,0.6612,0.4733491014825896
2369069,Inferno,0.5010996621278189,0.5106,0.49993762363469413
2369341,Anubis,0.5026301399862529,0.5114,0.49992001760761784
2369066,Ancient,0.6668492107554806,0.6744,0.4686454584364844
2369342,Ancient,0.5385559533755729,0.5498,0.4975635375454867
2369067,Anubis,0.7427989670757954,0.7436,0.43668888174063597
2369340,Overpass,0.513686196916317,0.524,0.49947361770063076
2369340,Nuke,0.7070709504803815,0.7114,0.4531568274031016
2369340,Inferno,0.4995298975383184,0.509,0.4999689928373156
2369164,Nuke,0.6593586822790354,0.6676,0.47112061186726406
2369164,Ancient,0.3690780892633638,0.3754,0.4842744514723752
2369164,Mirage,0.437341776187885,0.4416,0.4966273932774457
2369338,Overpass,0.6946466326195898,0.7004,0.4581286024286987
2369339,Anubis,0.5154778057503442,0.5256,0.499394151851802
2369335,Overpass,0.310415765782372,0.3186,0.4659801149121051
2369163,Vertigo,0.4346727682580832,0.4392,0.49633922928386914
2369163,Ancient,0.5608937884743362,0.5708,0.49501148196123157
2369163,Inferno,0.575286080769533,0.5854,0.49270213220384546
2369265,Mirage,0.6314523408051413,0.6392,0.4802806407703518
2369241,Nuke,0.7828529942732922,0.7862,0.41002827297264194
2369267,Inferno,0.3982843241464053,0.4034,0.4906287632382181
2369242,Mirage,0.7274340206235208,0.7304,0.4437963846700525
2369240,Ancient,0.5529817293801031,0.5616,0.4962405575305062
2369243,Vertigo,0.40588405177491094,0.4096,0.491809124806615
2369266,Nuke,0.4841857421890493,0.4936,0.5000090417266089
2369268,Mirage,0.7406338487118485,0.7416,0.4377987820388619
2369236,Ancient,0.6127043139019103,0.6216,0.48503658841206987
2369237,Anubis,0.45014262769148367,0.4568,0.4981800845872262
2369261,Ancient,0.6221351115085869,0.6322,0.4822547811424859
2369263,Vertigo,0.2627170903593398,0.2686,0.4432756914920257
2369262,Overpass,0.6356192540906215,0.643,0.47916272745683874
2369239,Overpass,0.4399920231028858,0.4456,0.49708154060637005
2369264,Nuke,0.4866992040576142,0.4956,0.5000306451900982
2369226,Overpass,0.6477637056609286,0.6528,0.4761276084201587
2369217,Inferno,0.3402623979657322,0.3512,0.4773930674278436
2369190,Ancient,0.5477038999014989,0.5566,0.49683579698108743
2369190,Vertigo,0.2517230718540046,0.2588,0.43801932855347525
2369323,Anubis,0.5349496793345818,0.5466,0.4978734935735389
2369316,Anubis,0.7474619724812034,0.7488,0.433746685563645
2369274,Mirage,0.3279264165793871,0.339,0.47341717835853087
2369274,Inferno,0.5546689824658625,0.5648,0.4958327641715553
2369248,Overpass,0.2837548944141893,0.292,0.45472778172341116
2369248,Anubis,0.5261777299773706,0.5376,0.4986341015147667
2369250,TBA,0.13499212491514617,0.1346,0.3413299594648053
2369250,TBA,0.13499212491514617,0.1346,0.3413299594648053
2369249,Nuke,0.6783489328133346,0.6852,0.4644826248868351
2369249,Anubis,0.4779677454883191,0.4868,0.4998757197014368
2369281,Nuke,0.5656630243058405,0.5764,0.49417798653569667
2369281,Vertigo,0.7624134461466073,0.7658,0.4235401247195471
2369281,Ancient,0.44120523262697825,0.4468,0.49721142770532556
2369255,Ancient,0.615134490229929,0.6242,0.4843772127762116
2369255,Overpass,0.7247896513257358,0.7282,0.4449318519397933
2369280,Vertigo,0.4941873342069776,0.5026,0.500043246779446
2369280,Nuke,0.6462425811081536,0.6518,0.47644743721851046
2369256,Overpass,0.6856542684435996,0.6928,0.4613791652717203
2369256,Mirage,0.4323283639283727,0.4368,0.4960392837207542
2369257,Nuke,0.5169300600199357,0.5272,0.4993095452766759
2369257,Overpass,0.49157557560921045,0.4996,0.5000498474852222
2369282,Mirage,0.406604369466781,0.4102,0.4919190552025549
2369282,Ancient,0.4381877997143388,0.4426,0.4967439893125871
2369279,Nuke,0.46885603450255864,0.476,0.49947361770063076
2369279,Inferno,0.7619271242807766,0.7652,0.42391614852491294
2369279,Anubis,0.5861517304181183,0.5942,0.4910953012593216
2369277,Ancient,0.5415137655136,0.5516,0.4973800532625697
2369277,Inferno,0.6493330170965124,0.656,0.47508856208960204
2369377,Nuke,0.5353679802415832,0.5466,0.4978734935735389
2369377,Ancient,0.6702738236913693,0.6774,0.4675178655312737
2369253,Vertigo,0.643245398356037,0.6504,0.4768913136816532
2369253,Ancient,0.6779347220998292,0.6842,0.4648801810322133
2369254,Anubis,0.5426021516854317,0.5526,0.49727527239880714
2369254,Inferno,0.6640926158418992,0.672,0.46953177956172854
2369252,Overpass,0.613564930394641,0.622,0.4849361118812676
2369252,Anubis,0.6045162076008661,0.614,0.4868792563686159
2369278,Nuke,0.4484334153736559,0.455,0.49802068724199017
2369278,Overpass,0.45214244304889084,0.459,0.4983660037911364
2369378,Inferno,0.7880770959342369,0.791,0.4066350580238782
2369378,Anubis,0.3684517802831153,0.375,0.48417133783080896
2369363,Inferno,0.27547951921912933,0.2834,0.4506939815584435
2369363,Mirage,0.5221862990201038,0.5346,0.49885129098971415
2369124,Ancient,0.5749883274664407,0.5854,0.49270213220384546
2369124,Overpass,0.4447364618816235,0.4498,0.49752333200884025
2369124,Nuke,0.5657623041770583,0.5764,0.49417798653569667
2369375,Nuke,0.5407034518504159,0.5514,0.4974007654842329
2369375,Ancient,0.6680004984140945,0.6754,0.46827203177122145
2369375,Mirage,0.5706115110542106,0.581,0.49344472592126054
2369192,Anubis,0.48826264676431463,0.4962,0.5000355658484931
2369192,Vertigo,0.21883954496845914,0.2242,0.41709609663813235
2369075,Ancient,0.2617512666746366,0.268,0.4429618979648359
2369075,Inferno,0.787163841468137,0.7896,0.4076335033024186
2369075,Mirage,0.38620030904754965,0.3902,0.48784378474227
2369361,Anubis,0.4985294874461636,0.5078,0.4999891577140112
2369361,Inferno,0.4000415787689373,0.4046,0.490863554774523
2369361,Nuke,0.5360854868648987,0.547,0.4978358847186719
2369350,Ancient,0.7276222118000958,0.7304,0.4437963846700525
2369350,Nuke,0.7890877532698014,0.7912,0.4064918290955235
2369376,Nuke,0.41066517152581145,0.4144,0.4926674174702924
2369376,Ancient,0.28787538781321004,0.297,0.4569822387722642
2369349,Ancient,0.3468151396509195,0.3588,0.47969634323845256
2369349,Nuke,0.3545361684443579,0.364,0.4811967477674931
2369074,Mirage,0.29808717236938226,0.3064,0.4610439808851885
2369074,Nuke,0.7353149251024875,0.7378,0.4398748207974564
2369347,Ancient,0.3401153040555378,0.3508,0.47726818140684457
2369347,Anubis,0.5213742615290995,0.5326,0.49898600923020026
2369347,Mirage,0.5114201655822641,0.5222,0.49955687505456553
2369348,Vertigo,0.29657411890269403,0.3054,0.46062270314752285
2369348,Mirage,0.4698168944689408,0.477,0.49952067442783205
2369384,Overpass,0.43000592064703475,0.4332,0.495567227907047
2369384,Ancient,0.6859887223983561,0.6934,0.4611279299647319
2369290,Inferno,0.6695682988408403,0.6768,0.467745141186331
2369293,Ancient,0.4734452937216135,0.4806,0.4996734680918559
2369291,Anubis,0.8171262069919424,0.8198,0.38439239261762254
2369382,Nuke,0.6680697041698721,0.6754,0.46827203177122145
2369382,Ancient,0.6095002867819015,0.6176,0.4860221018602954
2369382,Anubis,0.5526233621693322,0.5612,0.4962900570877406
2369286,Ancient,0.7632707920094406,0.767,0.4227845188152825
2369287,Anubis,0.6122371259548367,0.6212,0.485136714263418
2369289,Anubis,0.6359011379683508,0.643,0.47916272745683874
2369383,Anubis,0.3524908687787606,0.3628,0.4808559082312457
2369383,Ancient,0.2931238578665175,0.3022,0.45925738259574417
2369234,Vertigo,0.5694690241556013,0.5802,0.493575407953706
2369229,Overpass,0.4012083457908404,0.4054,0.49101839050280227
2369276,Mirage,0.44409453359698914,0.4494,0.4974828015394758
2369276,Overpass,0.4405057687636786,0.446,0.49712516199176354
2369235,Mirage,0.5592338570575496,0.5694,0.49520973994592177
2369233,Nuke,0.8269075757111852,0.8292,0.3763717459350896
2369275,Ancient,0.5074406515581755,0.5182,0.49971862456861477
2369275,Inferno,0.6522128269059438,0.6584,0.474293612529388
2369228,Vertigo,0.49851101556208843,0.5078,0.4999891577140112
2369231,Ancient,0.5973875078986535,0.6074,0.4883778686514344
2369273,Inferno,0.2985862733616446,0.3066,0.4611279299647319
2369273,Vertigo,0.4795657798544932,0.4886,0.4999200176076179
2369273,Nuke,0.4307628811405315,0.4338,0.49564775126965693
2369258,Inferno,0.48276778316322577,0.4926,0.4999952390251427
2369258,Overpass,0.7836491907902824,0.787,0.4094685981935383
2369259,Ancient,0.6645762675521305,0.6724,0.46938502794709186
2369259,Mirage,0.6513049619059614,0.6572,0.47469277079531036
2369260,Ancient,0.4382578327480729,0.4428,0.496767063625499
2369260,Overpass,0.6363290468487278,0.6432,0.47910298259725614
2369284,Ancient,0.472145678417884,0.4796,0.49963363252822623
2369284,Inferno,0.5050616517832889,0.5146,0.4998367807209393
2369295,Vertigo,0.549951317522026,0.5588,0.4965801832289274
